pid,uniqid,hgvs_variant,omim_number,hgnc_code
uid_000001,2.02109231047221E+019,NM_004006.3:c.4375C>T,192977,HGNC:12698
uid_000002,2.02109231047221E+019,NM_004006.3:c.4375C>T,192977,HGNC:12698
uid_000003,2.02109231047221E+019,NM_001129728.2:c.5657_5660inv,609526,HGNC:24501
uid_000004,2.02109231047221E+019,NM_001129728.2:c.5657_5660inv,609526,HGNC:24501
uid_000005,2.02109231047221E+019,NM_004006.3:c.4375C>T,192977,HGNC:12698
uid_000006,2.02109231047221E+019,NM_004006.3:c.4375C>T,192977,HGNC:12698
uid_000007,2.02109231047221E+019,NM_004006.3:c.4375C>T,192977,HGNC:12698
uid_000008,2.02109231047221E+019,NM_004006.3:c.4375C>T,192977,HGNC:12698
uid_000009,2.02109231047221E+019,NM_004006.3:c.4375C>T,192977,HGNC:12698
uid_000010,2.02109231047221E+019,NM_001129728.2:c.5657_5660inv,609526,HGNC:24501
uid_000011,2.02109231047221E+019,NM_001129728.2:c.5657_5660inv,609526,HGNC:24501
uid_000012,2.02109231047221E+019,NM_033064.5:c.54G>H,608179,HGNC:779
uid_000013,2.02109231047221E+019,NM_004006.3:c.4375C>T,192977,HGNC:12698
uid_000014,2.02109231047221E+019,NM_001129728.2:c.5657_5660inv,609526,HGNC:24501
uid_000015,2.02109231047221E+019,NM_004006.3:c.4375C>T,192977,HGNC:12698
uid_000016,2.02109231047221E+019,NM_004006.3:c.4375C>T,192977,HGNC:12698
uid_000017,2.02109231047221E+019,NM_004006.3:c.4375C>T,192977,HGNC:12698
uid_000018,2.02109231047221E+019,NM_001129728.2:c.5657_5660inv,609526,HGNC:24501
uid_000019,2.02109231047221E+019,NM_004006.3:c.4375C>T,192977,HGNC:12698
uid_000020,2.02109231047221E+019,NM_004006.3:c.4375C>T,192977,HGNC:12698
